date,cpu_mean,cpu_tot,cpu_std,storage_mean,storage_tot,storage_std,users_mean,users_tot,users_std,economic_index,cloud_market_demand,holiday,unique_regions,total_records,cpu,storage,users,active_regions,resources_per_region
2023-01-01,74.92,899,14.44,1509.0,18108,426.24,387.0,4644,93.94,104.97,0.99,1,4,12,"{'min': {'value': 51.0, 'region': 'north europe', 'resource': 'storage'}, 'max': {'value': 93.0, 'region': 'southeast asia', 'resource': 'vm'}}","{'min': {'value': 621.0, 'region': 'east us', 'resource': 'container'}, 'max': {'value': 1982.0, 'region': 'west us', 'resource': 'vm'}}","{'min': {'value': 221.0, 'region': 'north europe', 'resource': 'container'}, 'max': {'value': 493.0, 'region': 'north europe', 'resource': 'vm'}}",['east us' 'west us' 'north europe' 'southeast asia'],"{'east us': ['vm', 'storage', 'container'], 'north europe': ['vm', 'storage', 'container'], 'southeast asia': ['vm', 'storage', 'container'], 'west us': ['vm', 'storage', 'container']}"
2023-01-02,75.17,902,20.58,1286.83,15442,434.09,318.33,3820,98.52,106.48,1.15,0,4,12,"{'min': {'value': 51.0, 'region': 'north europe', 'resource': 'vm'}, 'max': {'value': 99.0, 'region': 'west us', 'resource': 'container'}}","{'min': {'value': 534.0, 'region': 'north europe', 'resource': 'container'}, 'max': {'value': 1911.0, 'region': 'southeast asia', 'resource': 'vm'}}","{'min': {'value': 201.0, 'region': 'southeast asia', 'resource': 'vm'}, 'max': {'value': 473.0, 'region': 'west us', 'resource': 'vm'}}",['east us' 'west us' 'north europe' 'southeast asia'],"{'east us': ['vm', 'storage', 'container'], 'north europe': ['vm', 'storage', 'container'], 'southeast asia': ['vm', 'storage', 'container'], 'west us': ['vm', 'storage', 'container']}"
2023-01-03,76.5,918,12.2,1147.75,13773,474.97,373.58,4483,82.26,97.66,0.98,0,4,12,"{'min': {'value': 57.0, 'region': 'east us', 'resource': 'container'}, 'max': {'value': 94.0, 'region': 'north europe', 'resource': 'vm'}}","{'min': {'value': 564.0, 'region': 'north europe', 'resource': 'storage'}, 'max': {'value': 1985.0, 'region': 'east us', 'resource': 'container'}}","{'min': {'value': 208.0, 'region': 'north europe', 'resource': 'storage'}, 'max': {'value': 470.0, 'region': 'east us', 'resource': 'storage'}}",['east us' 'west us' 'north europe' 'southeast asia'],"{'east us': ['vm', 'storage', 'container'], 'north europe': ['vm', 'storage', 'container'], 'southeast asia': ['vm', 'storage', 'container'], 'west us': ['vm', 'storage', 'container']}"
2023-01-04,72.08,865,16.55,1126.92,13523,295.51,327.17,3926,93.44,115.79,1.08,0,4,12,"{'min': {'value': 50.0, 'region': 'north europe', 'resource': 'vm'}, 'max': {'value': 97.0, 'region': 'west us', 'resource': 'vm'}}","{'min': {'value': 634.0, 'region': 'east us', 'resource': 'storage'}, 'max': {'value': 1528.0, 'region': 'north europe', 'resource': 'storage'}}","{'min': {'value': 214.0, 'region': 'southeast asia', 'resource': 'vm'}, 'max': {'value': 482.0, 'region': 'north europe', 'resource': 'container'}}",['east us' 'west us' 'north europe' 'southeast asia'],"{'east us': ['vm', 'storage', 'container'], 'north europe': ['vm', 'storage', 'container'], 'southeast asia': ['vm', 'storage', 'container'], 'west us': ['vm', 'storage', 'container']}"
2023-01-05,76.5,918,14.43,1580.5,18966,357.88,370.08,4441,78.45,95.31,1.05,0,4,12,"{'min': {'value': 56.0, 'region': 'west us', 'resource': 'vm'}, 'max': {'value': 94.0, 'region': 'east us', 'resource': 'storage'}}","{'min': {'value': 984.0, 'region': 'east us', 'resource': 'vm'}, 'max': {'value': 1934.0, 'region': 'southeast asia', 'resource': 'container'}}","{'min': {'value': 228.0, 'region': 'east us', 'resource': 'storage'}, 'max': {'value': 485.0, 'region': 'north europe', 'resource': 'storage'}}",['east us' 'west us' 'north europe' 'southeast asia'],"{'east us': ['vm', 'storage', 'container'], 'north europe': ['vm', 'storage', 'container'], 'southeast asia': ['vm', 'storage', 'container'], 'west us': ['vm', 'storage', 'container']}"
2023-01-06,78.42,941,16.04,1451.92,17423,494.08,363.58,4363,64.93,95.37,0.95,0,4,12,"{'min': {'value': 51.0, 'region': 'southeast asia', 'resource': 'vm'}, 'max': {'value': 98.0, 'region': 'west us', 'resource': 'vm'}}","{'min': {'value': 501.0, 'region': 'north europe', 'resource': 'vm'}, 'max': {'value': 1995.0, 'region': 'east us', 'resource': 'container'}}","{'min': {'value': 251.0, 'region': 'west us', 'resource': 'vm'}, 'max': {'value': 446.0, 'region': 'southeast asia', 'resource': 'storage'}}",['east us' 'west us' 'north europe' 'southeast asia'],"{'east us': ['vm', 'storage', 'container'], 'north europe': ['vm', 'storage', 'container'], 'southeast asia': ['vm', 'storage', 'container'], 'west us': ['vm', 'storage', 'container']}"
2023-01-07,68.83,826,12.08,1210.67,14528,322.24,370.42,4445,65.99,102.42,0.81,1,4,12,"{'min': {'value': 55.0, 'region': 'east us', 'resource': 'container'}, 'max': {'value': 90.0, 'region': 'north europe', 'resource': 'storage'}}","{'min': {'value': 643.0, 'region': 'southeast asia', 'resource': 'container'}, 'max': {'value': 1821.0, 'region': 'southeast asia', 'resource': 'storage'}}","{'min': {'value': 297.0, 'region': 'east us', 'resource': 'storage'}, 'max': {'value': 493.0, 'region': 'east us', 'resource': 'vm'}}",['east us' 'west us' 'north europe' 'southeast asia'],"{'east us': ['vm', 'storage', 'container'], 'north europe': ['vm', 'storage', 'container'], 'southeast asia': ['vm', 'storage', 'container'], 'west us': ['vm', 'storage', 'container']}"
2023-01-08,83.33,1000,12.98,1137.33,13648,450.12,324.0,3888,76.35,82.75,0.94,1,4,12,"{'min': {'value': 61.0, 'region': 'east us', 'resource': 'storage'}, 'max': {'value': 98.0, 'region': 'east us', 'resource': 'vm'}}","{'min': {'value': 501.0, 'region': 'east us', 'resource': 'vm'}, 'max': {'value': 1943.0, 'region': 'north europe', 'resource': 'storage'}}","{'min': {'value': 208.0, 'region': 'east us', 'resource': 'container'}, 'max': {'value': 453.0, 'region': 'east us', 'resource': 'vm'}}",['east us' 'west us' 'north europe' 'southeast asia'],"{'east us': ['vm', 'storage', 'container'], 'north europe': ['vm', 'storage', 'container'], 'southeast asia': ['vm', 'storage', 'container'], 'west us': ['vm', 'storage', 'container']}"
2023-01-09,80.08,961,15.68,993.42,11921,417.59,362.17,4346,78.68,89.87,1.03,0,4,12,"{'min': {'value': 52.0, 'region': 'west us', 'resource': 'vm'}, 'max': {'value': 98.0, 'region': 'southeast asia', 'resource': 'container'}}","{'min': {'value': 516.0, 'region': 'southeast asia', 'resource': 'container'}, 'max': {'value': 1915.0, 'region': 'east us', 'resource': 'container'}}","{'min': {'value': 221.0, 'region': 'west us', 'resource': 'storage'}, 'max': {'value': 476.0, 'region': 'east us', 'resource': 'storage'}}",['east us' 'west us' 'north europe' 'southeast asia'],"{'east us': ['vm', 'storage', 'container'], 'north europe': ['vm', 'storage', 'container'], 'southeast asia': ['vm', 'storage', 'container'], 'west us': ['vm', 'storage', 'container']}"
2023-01-10,72.25,867,16.35,1165.0,13980,502.09,372.25,4467,93.2,90.92,0.86,0,4,12,"{'min': {'value': 51.0, 'region': 'southeast asia', 'resource': 'storage'}, 'max': {'value': 99.0, 'region': 'southeast asia', 'resource': 'vm'}}","{'min': {'value': 598.0, 'region': 'east us', 'resource': 'storage'}, 'max': {'value': 1916.0, 'region': 'southeast asia', 'resource': 'container'}}","{'min': {'value': 217.0, 'region': 'north europe', 'resource': 'vm'}, 'max': {'value': 498.0, 'region': 'southeast asia', 'resource': 'container'}}",['east us' 'west us' 'north europe' 'southeast asia'],"{'east us': ['vm', 'storage', 'container'], 'north europe': ['vm', 'storage', 'container'], 'southeast asia': ['vm', 'storage', 'container'], 'west us': ['vm', 'storage', 'container']}"
2023-01-11,75.75,909,12.69,1122.0,13464,388.42,360.92,4331,88.19,114.66,0.98,0,4,12,"{'min': {'value': 56.0, 'region': 'east us', 'resource': 'container'}, 'max': {'value': 97.0, 'region': 'east us', 'resource': 'vm'}}","{'min': {'value': 535.0, 'region': 'east us', 'resource': 'container'}, 'max': {'value': 1877.0, 'region': 'north europe', 'resource': 'vm'}}","{'min': {'value': 212.0, 'region': 'east us', 'resource': 'storage'}, 'max': {'value': 487.0, 'region': 'north europe', 'resource': 'vm'}}",['east us' 'west us' 'north europe' 'southeast asia'],"{'east us': ['vm', 'storage', 'container'], 'north europe': ['vm', 'storage', 'container'], 'southeast asia': ['vm', 'storage', 'container'], 'west us': ['vm', 'storage', 'container']}"
2023-01-12,75.42,905,16.78,1068.92,12827,344.58,337.5,4050,72.9,100.68,0.86,0,4,12,"{'min': {'value': 50.0, 'region': 'southeast asia', 'resource': 'storage'}, 'max': {'value': 97.0, 'region': 'southeast asia', 'resource': 'container'}}","{'min': {'value': 504.0, 'region': 'east us', 'resource': 'container'}, 'max': {'value': 1581.0, 'region': 'north europe', 'resource': 'storage'}}","{'min': {'value': 246.0, 'region': 'west us', 'resource': 'vm'}, 'max': {'value': 478.0, 'region': 'north europe', 'resource': 'container'}}",['east us' 'west us' 'north europe' 'southeast asia'],"{'east us': ['vm', 'storage', 'container'], 'north europe': ['vm', 'storage', 'container'], 'southeast asia': ['vm', 'storage', 'container'], 'west us': ['vm', 'storage', 'container']}"
2023-01-13,73.58,883,15.77,1469.25,17631,381.9,342.17,4106,91.71,94.56,1.01,0,4,12,"{'min': {'value': 50.0, 'region': 'east us', 'resource': 'vm'}, 'max': {'value': 96.0, 'region': 'north europe', 'resource': 'vm'}}","{'min': {'value': 717.0, 'region': 'north europe', 'resource': 'container'}, 'max': {'value': 1958.0, 'region': 'west us', 'resource': 'storage'}}","{'min': {'value': 222.0, 'region': 'southeast asia', 'resource': 'storage'}, 'max': {'value': 489.0, 'region': 'southeast asia', 'resource': 'container'}}",['east us' 'west us' 'north europe' 'southeast asia'],"{'east us': ['vm', 'storage', 'container'], 'north europe': ['vm', 'storage', 'container'], 'southeast asia': ['vm', 'storage', 'container'], 'west us': ['vm', 'storage', 'container']}"
2023-01-14,78.5,942,13.81,1286.42,15437,387.85,335.67,4028,86.48,88.49,1.04,1,4,12,"{'min': {'value': 51.0, 'region': 'west us', 'resource': 'vm'}, 'max': {'value': 99.0, 'region': 'southeast asia', 'resource': 'container'}}","{'min': {'value': 534.0, 'region': 'southeast asia', 'resource': 'container'}, 'max': {'value': 1825.0, 'region': 'southeast asia', 'resource': 'storage'}}","{'min': {'value': 203.0, 'region': 'east us', 'resource': 'storage'}, 'max': {'value': 452.0, 'region': 'southeast asia', 'resource': 'storage'}}",['east us' 'west us' 'north europe' 'southeast asia'],"{'east us': ['vm', 'storage', 'container'], 'north europe': ['vm', 'storage', 'container'], 'southeast asia': ['vm', 'storage', 'container'], 'west us': ['vm', 'storage', 'container']}"
2023-01-15,77.92,935,12.11,1252.67,15032,494.83,368.83,4426,78.15,93.99,0.97,1,4,12,"{'min': {'value': 56.0, 'region': 'west us', 'resource': 'vm'}, 'max': {'value': 98.0, 'region': 'southeast asia', 'resource': 'container'}}","{'min': {'value': 536.0, 'region': 'southeast asia', 'resource': 'storage'}, 'max': {'value': 1917.0, 'region': 'north europe', 'resource': 'vm'}}","{'min': {'value': 235.0, 'region': 'north europe', 'resource': 'storage'}, 'max': {'value': 467.0, 'region': 'southeast asia', 'resource': 'storage'}}",['east us' 'west us' 'north europe' 'southeast asia'],"{'east us': ['vm', 'storage', 'container'], 'north europe': ['vm', 'storage', 'container'], 'southeast asia': ['vm', 'storage', 'container'], 'west us': ['vm', 'storage', 'container']}"
2023-01-16,72.58,871,14.05,1173.0,14076,490.77,373.58,4483,77.99,93.98,1.19,0,4,12,"{'min': {'value': 54.0, 'region': 'north europe', 'resource': 'container'}, 'max': {'value': 97.0, 'region': 'east us', 'resource': 'container'}}","{'min': {'value': 561.0, 'region': 'east us', 'resource': 'storage'}, 'max': {'value': 1890.0, 'region': 'north europe', 'resource': 'storage'}}","{'min': {'value': 224.0, 'region': 'north europe', 'resource': 'container'}, 'max': {'value': 485.0, 'region': 'east us', 'resource': 'vm'}}",['east us' 'west us' 'north europe' 'southeast asia'],"{'east us': ['vm', 'storage', 'container'], 'north europe': ['vm', 'storage', 'container'], 'southeast asia': ['vm', 'storage', 'container'], 'west us': ['vm', 'storage', 'container']}"
2023-01-17,76.58,919,16.91,1152.75,13833,480.77,370.58,4447,73.3,99.87,0.89,0,4,12,"{'min': {'value': 51.0, 'region': 'north europe', 'resource': 'vm'}, 'max': {'value': 97.0, 'region': 'north europe', 'resource': 'container'}}","{'min': {'value': 528.0, 'region': 'north europe', 'resource': 'vm'}, 'max': {'value': 1888.0, 'region': 'north europe', 'resource': 'container'}}","{'min': {'value': 208.0, 'region': 'east us', 'resource': 'container'}, 'max': {'value': 482.0, 'region': 'west us', 'resource': 'container'}}",['east us' 'west us' 'north europe' 'southeast asia'],"{'east us': ['vm', 'storage', 'container'], 'north europe': ['vm', 'storage', 'container'], 'southeast asia': ['vm', 'storage', 'container'], 'west us': ['vm', 'storage', 'container']}"
2023-01-18,77.83,934,18.14,1095.75,13149,535.32,332.25,3987,69.11,108.23,0.88,0,4,12,"{'min': {'value': 52.0, 'region': 'east us', 'resource': 'container'}, 'max': {'value': 99.0, 'region': 'west us', 'resource': 'vm'}}","{'min': {'value': 538.0, 'region': 'east us', 'resource': 'storage'}, 'max': {'value': 1932.0, 'region': 'north europe', 'resource': 'vm'}}","{'min': {'value': 200.0, 'region': 'west us', 'resource': 'storage'}, 'max': {'value': 451.0, 'region': 'southeast asia', 'resource': 'storage'}}",['east us' 'west us' 'north europe' 'southeast asia'],"{'east us': ['vm', 'storage', 'container'], 'north europe': ['vm', 'storage', 'container'], 'southeast asia': ['vm', 'storage', 'container'], 'west us': ['vm', 'storage', 'container']}"
2023-01-19,67.08,805,12.15,1392.5,16710,368.1,322.5,3870,96.14,102.09,0.8,0,4,12,"{'min': {'value': 52.0, 'region': 'west us', 'resource': 'vm'}, 'max': {'value': 90.0, 'region': 'east us', 'resource': 'storage'}}","{'min': {'value': 857.0, 'region': 'west us', 'resource': 'container'}, 'max': {'value': 1964.0, 'region': 'east us', 'resource': 'vm'}}","{'min': {'value': 200.0, 'region': 'east us', 'resource': 'container'}, 'max': {'value': 471.0, 'region': 'west us', 'resource': 'storage'}}",['east us' 'west us' 'north europe' 'southeast asia'],"{'east us': ['vm', 'storage', 'container'], 'north europe': ['vm', 'storage', 'container'], 'southeast asia': ['vm', 'storage', 'container'], 'west us': ['vm', 'storage', 'container']}"
2023-01-20,81.25,975,12.93,1376.17,16514,388.32,333.5,4002,103.27,86.72,1.02,0,4,12,"{'min': {'value': 54.0, 'region': 'east us', 'resource': 'container'}, 'max': {'value': 98.0, 'region': 'north europe', 'resource': 'storage'}}","{'min': {'value': 723.0, 'region': 'north europe', 'resource': 'vm'}, 'max': {'value': 1984.0, 'region': 'southeast asia', 'resource': 'vm'}}","{'min': {'value': 205.0, 'region': 'southeast asia', 'resource': 'storage'}, 'max': {'value': 482.0, 'region': 'north europe', 'resource': 'container'}}",['east us' 'west us' 'north europe' 'southeast asia'],"{'east us': ['vm', 'storage', 'container'], 'north europe': ['vm', 'storage', 'container'], 'southeast asia': ['vm', 'storage', 'container'], 'west us': ['vm', 'storage', 'container']}"
2023-01-21,68.75,825,16.82,1298.42,15581,416.1,374.67,4496,97.63,107.38,1.02,1,4,12,"{'min': {'value': 50.0, 'region': 'west us', 'resource': 'container'}, 'max': {'value': 94.0, 'region': 'west us', 'resource': 'storage'}}","{'min': {'value': 582.0, 'region': 'east us', 'resource': 'container'}, 'max': {'value': 1871.0, 'region': 'north europe', 'resource': 'vm'}}","{'min': {'value': 200.0, 'region': 'west us', 'resource': 'vm'}, 'max': {'value': 487.0, 'region': 'west us', 'resource': 'container'}}",['east us' 'west us' 'north europe' 'southeast asia'],"{'east us': ['vm', 'storage', 'container'], 'north europe': ['vm', 'storage', 'container'], 'southeast asia': ['vm', 'storage', 'container'], 'west us': ['vm', 'storage', 'container']}"
2023-01-22,78.33,940,12.11,1334.5,16014,350.3,352.92,4235,84.29,98.84,0.97,1,4,12,"{'min': {'value': 60.0, 'region': 'west us', 'resource': 'vm'}, 'max': {'value': 96.0, 'region': 'east us', 'resource': 'storage'}}","{'min': {'value': 580.0, 'region': 'north europe', 'resource': 'container'}, 'max': {'value': 1853.0, 'region': 'southeast asia', 'resource': 'storage'}}","{'min': {'value': 229.0, 'region': 'north europe', 'resource': 'storage'}, 'max': {'value': 472.0, 'region': 'southeast asia', 'resource': 'storage'}}",['east us' 'west us' 'north europe' 'southeast asia'],"{'east us': ['vm', 'storage', 'container'], 'north europe': ['vm', 'storage', 'container'], 'southeast asia': ['vm', 'storage', 'container'], 'west us': ['vm', 'storage', 'container']}"
2023-01-23,73.5,882,15.35,1027.42,12329,531.19,329.25,3951,89.5,85.21,0.93,0,4,12,"{'min': {'value': 53.0, 'region': 'west us', 'resource': 'container'}, 'max': {'value': 99.0, 'region': 'north europe', 'resource': 'container'}}","{'min': {'value': 542.0, 'region': 'east us', 'resource': 'storage'}, 'max': {'value': 1897.0, 'region': 'west us', 'resource': 'storage'}}","{'min': {'value': 200.0, 'region': 'southeast asia', 'resource': 'storage'}, 'max': {'value': 448.0, 'region': 'east us', 'resource': 'container'}}",['east us' 'west us' 'north europe' 'southeast asia'],"{'east us': ['vm', 'storage', 'container'], 'north europe': ['vm', 'storage', 'container'], 'southeast asia': ['vm', 'storage', 'container'], 'west us': ['vm', 'storage', 'container']}"
2023-01-24,83.08,997,16.02,1304.08,15649,442.65,331.83,3982,92.51,95.39,1.11,0,4,12,"{'min': {'value': 51.0, 'region': 'southeast asia', 'resource': 'container'}, 'max': {'value': 98.0, 'region': 'east us', 'resource': 'storage'}}","{'min': {'value': 577.0, 'region': 'southeast asia', 'resource': 'storage'}, 'max': {'value': 1780.0, 'region': 'north europe', 'resource': 'vm'}}","{'min': {'value': 207.0, 'region': 'north europe', 'resource': 'vm'}, 'max': {'value': 481.0, 'region': 'east us', 'resource': 'container'}}",['east us' 'west us' 'north europe' 'southeast asia'],"{'east us': ['vm', 'storage', 'container'], 'north europe': ['vm', 'storage', 'container'], 'southeast asia': ['vm', 'storage', 'container'], 'west us': ['vm', 'storage', 'container']}"
2023-01-25,75.5,906,16.81,1258.75,15105,470.41,336.67,4040,97.02,103.44,0.82,0,4,12,"{'min': {'value': 52.0, 'region': 'east us', 'resource': 'storage'}, 'max': {'value': 96.0, 'region': 'southeast asia', 'resource': 'container'}}","{'min': {'value': 585.0, 'region': 'north europe', 'resource': 'vm'}, 'max': {'value': 1917.0, 'region': 'southeast asia', 'resource': 'vm'}}","{'min': {'value': 206.0, 'region': 'east us', 'resource': 'vm'}, 'max': {'value': 493.0, 'region': 'east us', 'resource': 'container'}}",['east us' 'west us' 'north europe' 'southeast asia'],"{'east us': ['vm', 'storage', 'container'], 'north europe': ['vm', 'storage', 'container'], 'southeast asia': ['vm', 'storage', 'container'], 'west us': ['vm', 'storage', 'container']}"
2023-01-26,71.0,852,11.62,1289.08,15469,508.19,317.17,3806,93.04,103.24,0.96,0,4,12,"{'min': {'value': 52.0, 'region': 'southeast asia', 'resource': 'vm'}, 'max': {'value': 89.0, 'region': 'southeast asia', 'resource': 'storage'}}","{'min': {'value': 533.0, 'region': 'east us', 'resource': 'vm'}, 'max': {'value': 1966.0, 'region': 'west us', 'resource': 'storage'}}","{'min': {'value': 203.0, 'region': 'north europe', 'resource': 'vm'}, 'max': {'value': 481.0, 'region': 'west us', 'resource': 'vm'}}",['east us' 'west us' 'north europe' 'southeast asia'],"{'east us': ['vm', 'storage', 'container'], 'north europe': ['vm', 'storage', 'container'], 'southeast asia': ['vm', 'storage', 'container'], 'west us': ['vm', 'storage', 'container']}"
2023-01-27,71.58,859,18.31,948.83,11386,362.23,352.33,4228,68.53,93.23,1.06,0,4,12,"{'min': {'value': 51.0, 'region': 'east us', 'resource': 'vm'}, 'max': {'value': 98.0, 'region': 'east us', 'resource': 'container'}}","{'min': {'value': 500.0, 'region': 'north europe', 'resource': 'container'}, 'max': {'value': 1549.0, 'region': 'west us', 'resource': 'storage'}}","{'min': {'value': 237.0, 'region': 'southeast asia', 'resource': 'vm'}, 'max': {'value': 458.0, 'region': 'southeast asia', 'resource': 'storage'}}",['east us' 'west us' 'north europe' 'southeast asia'],"{'east us': ['vm', 'storage', 'container'], 'north europe': ['vm', 'storage', 'container'], 'southeast asia': ['vm', 'storage', 'container'], 'west us': ['vm', 'storage', 'container']}"
2023-01-28,73.33,880,15.16,1282.08,15385,347.67,314.08,3769,98.93,110.31,1.09,1,4,12,"{'min': {'value': 50.0, 'region': 'north europe', 'resource': 'container'}, 'max': {'value': 93.0, 'region': 'east us', 'resource': 'storage'}}","{'min': {'value': 760.0, 'region': 'east us', 'resource': 'vm'}, 'max': {'value': 1819.0, 'region': 'north europe', 'resource': 'container'}}","{'min': {'value': 204.0, 'region': 'southeast asia', 'resource': 'container'}, 'max': {'value': 490.0, 'region': 'southeast asia', 'resource': 'storage'}}",['east us' 'west us' 'north europe' 'southeast asia'],"{'east us': ['vm', 'storage', 'container'], 'north europe': ['vm', 'storage', 'container'], 'southeast asia': ['vm', 'storage', 'container'], 'west us': ['vm', 'storage', 'container']}"
2023-01-29,73.92,887,13.49,1410.42,16925,347.99,342.0,4104,78.7,91.61,0.97,1,4,12,"{'min': {'value': 55.0, 'region': 'southeast asia', 'resource': 'vm'}, 'max': {'value': 96.0, 'region': 'southeast asia', 'resource': 'container'}}","{'min': {'value': 795.0, 'region': 'west us', 'resource': 'vm'}, 'max': {'value': 1902.0, 'region': 'east us', 'resource': 'vm'}}","{'min': {'value': 214.0, 'region': 'southeast asia', 'resource': 'storage'}, 'max': {'value': 494.0, 'region': 'west us', 'resource': 'vm'}}",['east us' 'west us' 'north europe' 'southeast asia'],"{'east us': ['vm', 'storage', 'container'], 'north europe': ['vm', 'storage', 'container'], 'southeast asia': ['vm', 'storage', 'container'], 'west us': ['vm', 'storage', 'container']}"
2023-01-30,70.33,844,16.94,1510.58,18127,420.73,350.33,4204,86.24,103.31,1.1,0,4,12,"{'min': {'value': 51.0, 'region': 'southeast asia', 'resource': 'storage'}, 'max': {'value': 94.0, 'region': 'north europe', 'resource': 'vm'}}","{'min': {'value': 715.0, 'region': 'north europe', 'resource': 'vm'}, 'max': {'value': 1964.0, 'region': 'east us', 'resource': 'storage'}}","{'min': {'value': 209.0, 'region': 'west us', 'resource': 'vm'}, 'max': {'value': 488.0, 'region': 'east us', 'resource': 'container'}}",['east us' 'west us' 'north europe' 'southeast asia'],"{'east us': ['vm', 'storage', 'container'], 'north europe': ['vm', 'storage', 'container'], 'southeast asia': ['vm', 'storage', 'container'], 'west us': ['vm', 'storage', 'container']}"
2023-01-31,74.92,899,16.3,1230.33,14764,391.24,338.25,4059,88.24,95.21,0.98,0,4,12,"{'min': {'value': 55.0, 'region': 'west us', 'resource': 'vm'}, 'max': {'value': 98.0, 'region': 'southeast asia', 'resource': 'storage'}}","{'min': {'value': 510.0, 'region': 'east us', 'resource': 'storage'}, 'max': {'value': 1806.0, 'region': 'east us', 'resource': 'vm'}}","{'min': {'value': 222.0, 'region': 'west us', 'resource': 'vm'}, 'max': {'value': 486.0, 'region': 'southeast asia', 'resource': 'storage'}}",['east us' 'west us' 'north europe' 'southeast asia'],"{'east us': ['vm', 'storage', 'container'], 'north europe': ['vm', 'storage', 'container'], 'southeast asia': ['vm', 'storage', 'container'], 'west us': ['vm', 'storage', 'container']}"
2023-02-01,76.33,916,14.88,1451.67,17420,496.57,376.33,4516,104.01,88.94,0.88,0,4,12,"{'min': {'value': 51.0, 'region': 'north europe', 'resource': 'container'}, 'max': {'value': 95.0, 'region': 'east us', 'resource': 'container'}}","{'min': {'value': 524.0, 'region': 'southeast asia', 'resource': 'storage'}, 'max': {'value': 1985.0, 'region': 'east us', 'resource': 'vm'}}","{'min': {'value': 200.0, 'region': 'west us', 'resource': 'vm'}, 'max': {'value': 495.0, 'region': 'east us', 'resource': 'vm'}}",['east us' 'west us' 'north europe' 'southeast asia'],"{'east us': ['vm', 'storage', 'container'], 'north europe': ['vm', 'storage', 'container'], 'southeast asia': ['vm', 'storage', 'container'], 'west us': ['vm', 'storage', 'container']}"
2023-02-02,76.25,915,11.66,1233.42,14801,451.29,330.25,3963,90.6,108.13,1.14,0,4,12,"{'min': {'value': 56.0, 'region': 'east us', 'resource': 'container'}, 'max': {'value': 96.0, 'region': 'southeast asia', 'resource': 'container'}}","{'min': {'value': 562.0, 'region': 'east us', 'resource': 'vm'}, 'max': {'value': 1947.0, 'region': 'southeast asia', 'resource': 'vm'}}","{'min': {'value': 218.0, 'region': 'southeast asia', 'resource': 'vm'}, 'max': {'value': 485.0, 'region': 'north europe', 'resource': 'container'}}",['east us' 'west us' 'north europe' 'southeast asia'],"{'east us': ['vm', 'storage', 'container'], 'north europe': ['vm', 'storage', 'container'], 'southeast asia': ['vm', 'storage', 'container'], 'west us': ['vm', 'storage', 'container']}"
2023-02-03,70.83,850,16.23,1309.5,15714,439.65,351.67,4220,96.35,99.28,1.1,0,4,12,"{'min': {'value': 50.0, 'region': 'east us', 'resource': 'container'}, 'max': {'value': 96.0, 'region': 'southeast asia', 'resource': 'vm'}}","{'min': {'value': 595.0, 'region': 'southeast asia', 'resource': 'container'}, 'max': {'value': 1787.0, 'region': 'east us', 'resource': 'container'}}","{'min': {'value': 207.0, 'region': 'west us', 'resource': 'container'}, 'max': {'value': 465.0, 'region': 'west us', 'resource': 'vm'}}",['east us' 'west us' 'north europe' 'southeast asia'],"{'east us': ['vm', 'storage', 'container'], 'north europe': ['vm', 'storage', 'container'], 'southeast asia': ['vm', 'storage', 'container'], 'west us': ['vm', 'storage', 'container']}"
2023-02-04,73.17,878,14.13,1281.5,15378,418.22,354.67,4256,84.65,103.62,0.94,1,4,12,"{'min': {'value': 51.0, 'region': 'north europe', 'resource': 'storage'}, 'max': {'value': 97.0, 'region': 'west us', 'resource': 'vm'}}","{'min': {'value': 506.0, 'region': 'west us', 'resource': 'vm'}, 'max': {'value': 1904.0, 'region': 'west us', 'resource': 'container'}}","{'min': {'value': 219.0, 'region': 'southeast asia', 'resource': 'vm'}, 'max': {'value': 462.0, 'region': 'west us', 'resource': 'vm'}}",['east us' 'west us' 'north europe' 'southeast asia'],"{'east us': ['vm', 'storage', 'container'], 'north europe': ['vm', 'storage', 'container'], 'southeast asia': ['vm', 'storage', 'container'], 'west us': ['vm', 'storage', 'container']}"
2023-02-05,76.5,918,14.37,1102.83,13234,443.7,355.08,4261,102.71,103.61,1.15,1,4,12,"{'min': {'value': 51.0, 'region': 'west us', 'resource': 'container'}, 'max': {'value': 95.0, 'region': 'east us', 'resource': 'container'}}","{'min': {'value': 541.0, 'region': 'southeast asia', 'resource': 'container'}, 'max': {'value': 1758.0, 'region': 'north europe', 'resource': 'storage'}}","{'min': {'value': 203.0, 'region': 'north europe', 'resource': 'storage'}, 'max': {'value': 480.0, 'region': 'west us', 'resource': 'container'}}",['east us' 'west us' 'north europe' 'southeast asia'],"{'east us': ['vm', 'storage', 'container'], 'north europe': ['vm', 'storage', 'container'], 'southeast asia': ['vm', 'storage', 'container'], 'west us': ['vm', 'storage', 'container']}"
2023-02-06,84.92,1019,9.49,1034.33,12412,466.93,379.92,4559,96.21,99.64,1.16,0,4,12,"{'min': {'value': 66.0, 'region': 'north europe', 'resource': 'vm'}, 'max': {'value': 98.0, 'region': 'southeast asia', 'resource': 'container'}}","{'min': {'value': 510.0, 'region': 'southeast asia', 'resource': 'storage'}, 'max': {'value': 1894.0, 'region': 'north europe', 'resource': 'container'}}","{'min': {'value': 216.0, 'region': 'east us', 'resource': 'vm'}, 'max': {'value': 494.0, 'region': 'southeast asia', 'resource': 'container'}}",['east us' 'west us' 'north europe' 'southeast asia'],"{'east us': ['vm', 'storage', 'container'], 'north europe': ['vm', 'storage', 'container'], 'southeast asia': ['vm', 'storage', 'container'], 'west us': ['vm', 'storage', 'container']}"
2023-02-07,79.0,948,14.68,1155.92,13871,533.21,346.0,4152,97.73,73.8,1.08,0,4,12,"{'min': {'value': 50.0, 'region': 'north europe', 'resource': 'storage'}, 'max': {'value': 96.0, 'region': 'east us', 'resource': 'storage'}}","{'min': {'value': 541.0, 'region': 'north europe', 'resource': 'container'}, 'max': {'value': 1973.0, 'region': 'west us', 'resource': 'container'}}","{'min': {'value': 216.0, 'region': 'north europe', 'resource': 'vm'}, 'max': {'value': 488.0, 'region': 'east us', 'resource': 'container'}}",['east us' 'west us' 'north europe' 'southeast asia'],"{'east us': ['vm', 'storage', 'container'], 'north europe': ['vm', 'storage', 'container'], 'southeast asia': ['vm', 'storage', 'container'], 'west us': ['vm', 'storage', 'container']}"
2023-02-08,69.25,831,12.88,1083.5,13002,402.16,352.83,4234,97.34,100.87,0.97,0,4,12,"{'min': {'value': 56.0, 'region': 'southeast asia', 'resource': 'storage'}, 'max': {'value': 96.0, 'region': 'north europe', 'resource': 'storage'}}","{'min': {'value': 511.0, 'region': 'east us', 'resource': 'storage'}, 'max': {'value': 1811.0, 'region': 'north europe', 'resource': 'storage'}}","{'min': {'value': 216.0, 'region': 'east us', 'resource': 'vm'}, 'max': {'value': 481.0, 'region': 'north europe', 'resource': 'container'}}",['east us' 'west us' 'north europe' 'southeast asia'],"{'east us': ['vm', 'storage', 'container'], 'north europe': ['vm', 'storage', 'container'], 'southeast asia': ['vm', 'storage', 'container'], 'west us': ['vm', 'storage', 'container']}"
2023-02-09,74.25,891,12.61,1172.58,14071,386.38,347.58,4171,73.59,100.92,0.8,0,4,12,"{'min': {'value': 51.0, 'region': 'southeast asia', 'resource': 'container'}, 'max': {'value': 94.0, 'region': 'west us', 'resource': 'container'}}","{'min': {'value': 515.0, 'region': 'southeast asia', 'resource': 'storage'}, 'max': {'value': 1694.0, 'region': 'north europe', 'resource': 'vm'}}","{'min': {'value': 203.0, 'region': 'north europe', 'resource': 'container'}, 'max': {'value': 426.0, 'region': 'southeast asia', 'resource': 'container'}}",['east us' 'west us' 'north europe' 'southeast asia'],"{'east us': ['vm', 'storage', 'container'], 'north europe': ['vm', 'storage', 'container'], 'southeast asia': ['vm', 'storage', 'container'], 'west us': ['vm', 'storage', 'container']}"
2023-02-10,85.17,1022,9.94,1127.08,13525,409.63,384.08,4609,82.23,97.8,1.04,0,4,12,"{'min': {'value': 62.0, 'region': 'east us', 'resource': 'storage'}, 'max': {'value': 98.0, 'region': 'west us', 'resource': 'vm'}}","{'min': {'value': 502.0, 'region': 'north europe', 'resource': 'storage'}, 'max': {'value': 1762.0, 'region': 'west us', 'resource': 'container'}}","{'min': {'value': 228.0, 'region': 'east us', 'resource': 'container'}, 'max': {'value': 473.0, 'region': 'east us', 'resource': 'storage'}}",['east us' 'west us' 'north europe' 'southeast asia'],"{'east us': ['vm', 'storage', 'container'], 'north europe': ['vm', 'storage', 'container'], 'southeast asia': ['vm', 'storage', 'container'], 'west us': ['vm', 'storage', 'container']}"
2023-02-11,74.92,899,15.02,1234.33,14812,498.19,354.92,4259,94.19,114.78,0.95,1,4,12,"{'min': {'value': 55.0, 'region': 'north europe', 'resource': 'storage'}, 'max': {'value': 94.0, 'region': 'west us', 'resource': 'storage'}}","{'min': {'value': 553.0, 'region': 'north europe', 'resource': 'storage'}, 'max': {'value': 1963.0, 'region': 'east us', 'resource': 'vm'}}","{'min': {'value': 208.0, 'region': 'north europe', 'resource': 'container'}, 'max': {'value': 459.0, 'region': 'east us', 'resource': 'container'}}",['east us' 'west us' 'north europe' 'southeast asia'],"{'east us': ['vm', 'storage', 'container'], 'north europe': ['vm', 'storage', 'container'], 'southeast asia': ['vm', 'storage', 'container'], 'west us': ['vm', 'storage', 'container']}"
2023-02-12,69.75,837,12.26,1366.92,16403,516.26,307.83,3694,76.2,91.92,0.95,1,4,12,"{'min': {'value': 54.0, 'region': 'north europe', 'resource': 'container'}, 'max': {'value': 96.0, 'region': 'east us', 'resource': 'container'}}","{'min': {'value': 502.0, 'region': 'east us', 'resource': 'vm'}, 'max': {'value': 1918.0, 'region': 'north europe', 'resource': 'container'}}","{'min': {'value': 208.0, 'region': 'north europe', 'resource': 'vm'}, 'max': {'value': 425.0, 'region': 'west us', 'resource': 'container'}}",['east us' 'west us' 'north europe' 'southeast asia'],"{'east us': ['vm', 'storage', 'container'], 'north europe': ['vm', 'storage', 'container'], 'southeast asia': ['vm', 'storage', 'container'], 'west us': ['vm', 'storage', 'container']}"
2023-02-13,75.75,909,16.2,1295.33,15544,427.71,362.58,4351,86.29,109.15,1.03,0,4,12,"{'min': {'value': 52.0, 'region': 'west us', 'resource': 'storage'}, 'max': {'value': 99.0, 'region': 'east us', 'resource': 'container'}}","{'min': {'value': 614.0, 'region': 'west us', 'resource': 'vm'}, 'max': {'value': 1812.0, 'region': 'west us', 'resource': 'container'}}","{'min': {'value': 239.0, 'region': 'west us', 'resource': 'storage'}, 'max': {'value': 483.0, 'region': 'east us', 'resource': 'vm'}}",['east us' 'west us' 'north europe' 'southeast asia'],"{'east us': ['vm', 'storage', 'container'], 'north europe': ['vm', 'storage', 'container'], 'southeast asia': ['vm', 'storage', 'container'], 'west us': ['vm', 'storage', 'container']}"
2023-02-14,83.33,1000,12.43,1397.5,16770,444.3,335.67,4028,93.59,94.7,1.05,0,4,12,"{'min': {'value': 63.0, 'region': 'west us', 'resource': 'storage'}, 'max': {'value': 97.0, 'region': 'southeast asia', 'resource': 'vm'}}","{'min': {'value': 581.0, 'region': 'west us', 'resource': 'vm'}, 'max': {'value': 1960.0, 'region': 'east us', 'resource': 'container'}}","{'min': {'value': 211.0, 'region': 'west us', 'resource': 'storage'}, 'max': {'value': 457.0, 'region': 'west us', 'resource': 'vm'}}",['east us' 'west us' 'north europe' 'southeast asia'],"{'east us': ['vm', 'storage', 'container'], 'north europe': ['vm', 'storage', 'container'], 'southeast asia': ['vm', 'storage', 'container'], 'west us': ['vm', 'storage', 'container']}"
2023-02-15,72.83,874,13.64,1121.17,13454,399.73,373.25,4479,74.11,100.97,1.1,0,4,12,"{'min': {'value': 53.0, 'region': 'east us', 'resource': 'container'}, 'max': {'value': 96.0, 'region': 'north europe', 'resource': 'vm'}}","{'min': {'value': 578.0, 'region': 'southeast asia', 'resource': 'storage'}, 'max': {'value': 1953.0, 'region': 'southeast asia', 'resource': 'container'}}","{'min': {'value': 228.0, 'region': 'north europe', 'resource': 'container'}, 'max': {'value': 469.0, 'region': 'west us', 'resource': 'container'}}",['east us' 'west us' 'north europe' 'southeast asia'],"{'east us': ['vm', 'storage', 'container'], 'north europe': ['vm', 'storage', 'container'], 'southeast asia': ['vm', 'storage', 'container'], 'west us': ['vm', 'storage', 'container']}"
2023-02-16,74.67,896,14.47,1368.33,16420,440.14,356.58,4279,95.09,92.98,0.97,0,4,12,"{'min': {'value': 55.0, 'region': 'north europe', 'resource': 'container'}, 'max': {'value': 98.0, 'region': 'southeast asia', 'resource': 'storage'}}","{'min': {'value': 538.0, 'region': 'east us', 'resource': 'storage'}, 'max': {'value': 1976.0, 'region': 'north europe', 'resource': 'container'}}","{'min': {'value': 220.0, 'region': 'north europe', 'resource': 'vm'}, 'max': {'value': 479.0, 'region': 'southeast asia', 'resource': 'storage'}}",['east us' 'west us' 'north europe' 'southeast asia'],"{'east us': ['vm', 'storage', 'container'], 'north europe': ['vm', 'storage', 'container'], 'southeast asia': ['vm', 'storage', 'container'], 'west us': ['vm', 'storage', 'container']}"
2023-02-17,73.67,884,15.51,1310.92,15731,455.97,364.25,4371,85.1,96.08,0.85,0,4,12,"{'min': {'value': 51.0, 'region': 'southeast asia', 'resource': 'vm'}, 'max': {'value': 99.0, 'region': 'west us', 'resource': 'vm'}}","{'min': {'value': 571.0, 'region': 'southeast asia', 'resource': 'container'}, 'max': {'value': 1867.0, 'region': 'southeast asia', 'resource': 'vm'}}","{'min': {'value': 207.0, 'region': 'east us', 'resource': 'storage'}, 'max': {'value': 476.0, 'region': 'southeast asia', 'resource': 'container'}}",['east us' 'west us' 'north europe' 'southeast asia'],"{'east us': ['vm', 'storage', 'container'], 'north europe': ['vm', 'storage', 'container'], 'southeast asia': ['vm', 'storage', 'container'], 'west us': ['vm', 'storage', 'container']}"
2023-02-18,74.75,897,10.13,1178.08,14137,539.4,338.17,4058,78.88,102.96,1.03,1,4,12,"{'min': {'value': 51.0, 'region': 'southeast asia', 'resource': 'container'}, 'max': {'value': 87.0, 'region': 'east us', 'resource': 'storage'}}","{'min': {'value': 501.0, 'region': 'north europe', 'resource': 'container'}, 'max': {'value': 1986.0, 'region': 'west us', 'resource': 'container'}}","{'min': {'value': 240.0, 'region': 'west us', 'resource': 'vm'}, 'max': {'value': 466.0, 'region': 'east us', 'resource': 'container'}}",['east us' 'west us' 'north europe' 'southeast asia'],"{'east us': ['vm', 'storage', 'container'], 'north europe': ['vm', 'storage', 'container'], 'southeast asia': ['vm', 'storage', 'container'], 'west us': ['vm', 'storage', 'container']}"
2023-02-19,71.92,863,16.51,1251.92,15023,526.96,307.75,3693,97.63,100.05,0.98,1,4,12,"{'min': {'value': 53.0, 'region': 'north europe', 'resource': 'container'}, 'max': {'value': 96.0, 'region': 'north europe', 'resource': 'vm'}}","{'min': {'value': 508.0, 'region': 'east us', 'resource': 'container'}, 'max': {'value': 1913.0, 'region': 'north europe', 'resource': 'container'}}","{'min': {'value': 202.0, 'region': 'southeast asia', 'resource': 'vm'}, 'max': {'value': 461.0, 'region': 'east us', 'resource': 'container'}}",['east us' 'west us' 'north europe' 'southeast asia'],"{'east us': ['vm', 'storage', 'container'], 'north europe': ['vm', 'storage', 'container'], 'southeast asia': ['vm', 'storage', 'container'], 'west us': ['vm', 'storage', 'container']}"
2023-02-20,71.58,859,11.72,1206.42,14477,309.78,333.08,3997,93.71,85.85,0.96,0,4,12,"{'min': {'value': 52.0, 'region': 'north europe', 'resource': 'storage'}, 'max': {'value': 94.0, 'region': 'east us', 'resource': 'storage'}}","{'min': {'value': 806.0, 'region': 'west us', 'resource': 'storage'}, 'max': {'value': 1766.0, 'region': 'east us', 'resource': 'storage'}}","{'min': {'value': 203.0, 'region': 'southeast asia', 'resource': 'container'}, 'max': {'value': 499.0, 'region': 'west us', 'resource': 'storage'}}",['east us' 'west us' 'north europe' 'southeast asia'],"{'east us': ['vm', 'storage', 'container'], 'north europe': ['vm', 'storage', 'container'], 'southeast asia': ['vm', 'storage', 'container'], 'west us': ['vm', 'storage', 'container']}"
2023-02-21,78.17,938,12.65,1237.58,14851,430.43,324.0,3888,110.44,96.57,0.92,0,4,12,"{'min': {'value': 54.0, 'region': 'southeast asia', 'resource': 'container'}, 'max': {'value': 91.0, 'region': 'southeast asia', 'resource': 'vm'}}","{'min': {'value': 501.0, 'region': 'southeast asia', 'resource': 'storage'}, 'max': {'value': 1887.0, 'region': 'east us', 'resource': 'vm'}}","{'min': {'value': 207.0, 'region': 'north europe', 'resource': 'storage'}, 'max': {'value': 492.0, 'region': 'southeast asia', 'resource': 'storage'}}",['east us' 'west us' 'north europe' 'southeast asia'],"{'east us': ['vm', 'storage', 'container'], 'north europe': ['vm', 'storage', 'container'], 'southeast asia': ['vm', 'storage', 'container'], 'west us': ['vm', 'storage', 'container']}"
2023-02-22,74.0,888,16.57,1361.5,16338,455.47,373.5,4482,90.48,98.39,1.04,0,4,12,"{'min': {'value': 50.0, 'region': 'west us', 'resource': 'container'}, 'max': {'value': 96.0, 'region': 'east us', 'resource': 'vm'}}","{'min': {'value': 513.0, 'region': 'east us', 'resource': 'vm'}, 'max': {'value': 1947.0, 'region': 'west us', 'resource': 'container'}}","{'min': {'value': 200.0, 'region': 'southeast asia', 'resource': 'container'}, 'max': {'value': 486.0, 'region': 'north europe', 'resource': 'vm'}}",['east us' 'west us' 'north europe' 'southeast asia'],"{'east us': ['vm', 'storage', 'container'], 'north europe': ['vm', 'storage', 'container'], 'southeast asia': ['vm', 'storage', 'container'], 'west us': ['vm', 'storage', 'container']}"
2023-02-23,67.75,813,15.11,1084.67,13016,398.59,394.5,4734,80.51,118.86,1.02,0,4,12,"{'min': {'value': 50.0, 'region': 'north europe', 'resource': 'container'}, 'max': {'value': 93.0, 'region': 'west us', 'resource': 'vm'}}","{'min': {'value': 618.0, 'region': 'north europe', 'resource': 'container'}, 'max': {'value': 1807.0, 'region': 'east us', 'resource': 'vm'}}","{'min': {'value': 234.0, 'region': 'north europe', 'resource': 'container'}, 'max': {'value': 492.0, 'region': 'north europe', 'resource': 'vm'}}",['east us' 'west us' 'north europe' 'southeast asia'],"{'east us': ['vm', 'storage', 'container'], 'north europe': ['vm', 'storage', 'container'], 'southeast asia': ['vm', 'storage', 'container'], 'west us': ['vm', 'storage', 'container']}"
2023-02-24,81.08,973,15.32,1287.17,15446,541.67,355.75,4269,85.26,102.58,0.99,0,4,12,"{'min': {'value': 57.0, 'region': 'north europe', 'resource': 'storage'}, 'max': {'value': 99.0, 'region': 'east us', 'resource': 'vm'}}","{'min': {'value': 585.0, 'region': 'southeast asia', 'resource': 'vm'}, 'max': {'value': 1951.0, 'region': 'west us', 'resource': 'storage'}}","{'min': {'value': 204.0, 'region': 'north europe', 'resource': 'container'}, 'max': {'value': 493.0, 'region': 'west us', 'resource': 'storage'}}",['east us' 'west us' 'north europe' 'southeast asia'],"{'east us': ['vm', 'storage', 'container'], 'north europe': ['vm', 'storage', 'container'], 'southeast asia': ['vm', 'storage', 'container'], 'west us': ['vm', 'storage', 'container']}"
2023-02-25,71.83,862,16.02,1292.42,15509,413.87,357.42,4289,90.93,80.81,1.0,1,4,12,"{'min': {'value': 50.0, 'region': 'west us', 'resource': 'vm'}, 'max': {'value': 98.0, 'region': 'east us', 'resource': 'container'}}","{'min': {'value': 518.0, 'region': 'southeast asia', 'resource': 'container'}, 'max': {'value': 1743.0, 'region': 'west us', 'resource': 'container'}}","{'min': {'value': 225.0, 'region': 'east us', 'resource': 'vm'}, 'max': {'value': 488.0, 'region': 'east us', 'resource': 'container'}}",['east us' 'west us' 'north europe' 'southeast asia'],"{'east us': ['vm', 'storage', 'container'], 'north europe': ['vm', 'storage', 'container'], 'southeast asia': ['vm', 'storage', 'container'], 'west us': ['vm', 'storage', 'container']}"
2023-02-26,68.83,826,12.39,1364.67,16376,468.89,358.92,4307,79.47,100.6,1.25,1,4,12,"{'min': {'value': 52.0, 'region': 'southeast asia', 'resource': 'vm'}, 'max': {'value': 98.0, 'region': 'north europe', 'resource': 'vm'}}","{'min': {'value': 584.0, 'region': 'southeast asia', 'resource': 'vm'}, 'max': {'value': 1940.0, 'region': 'west us', 'resource': 'container'}}","{'min': {'value': 275.0, 'region': 'west us', 'resource': 'vm'}, 'max': {'value': 481.0, 'region': 'southeast asia', 'resource': 'vm'}}",['east us' 'west us' 'north europe' 'southeast asia'],"{'east us': ['vm', 'storage', 'container'], 'north europe': ['vm', 'storage', 'container'], 'southeast asia': ['vm', 'storage', 'container'], 'west us': ['vm', 'storage', 'container']}"
2023-02-27,69.67,836,12.35,1258.67,15104,396.72,375.08,4501,96.38,98.08,1.03,0,4,12,"{'min': {'value': 53.0, 'region': 'north europe', 'resource': 'vm'}, 'max': {'value': 95.0, 'region': 'southeast asia', 'resource': 'vm'}}","{'min': {'value': 542.0, 'region': 'east us', 'resource': 'container'}, 'max': {'value': 1823.0, 'region': 'east us', 'resource': 'storage'}}","{'min': {'value': 220.0, 'region': 'east us', 'resource': 'container'}, 'max': {'value': 492.0, 'region': 'east us', 'resource': 'vm'}}",['east us' 'west us' 'north europe' 'southeast asia'],"{'east us': ['vm', 'storage', 'container'], 'north europe': ['vm', 'storage', 'container'], 'southeast asia': ['vm', 'storage', 'container'], 'west us': ['vm', 'storage', 'container']}"
2023-02-28,72.25,867,15.37,1387.5,16650,404.03,379.67,4556,87.16,99.65,0.88,0,4,12,"{'min': {'value': 50.0, 'region': 'north europe', 'resource': 'storage'}, 'max': {'value': 91.0, 'region': 'west us', 'resource': 'container'}}","{'min': {'value': 509.0, 'region': 'southeast asia', 'resource': 'container'}, 'max': {'value': 1868.0, 'region': 'east us', 'resource': 'storage'}}","{'min': {'value': 225.0, 'region': 'southeast asia', 'resource': 'storage'}, 'max': {'value': 497.0, 'region': 'west us', 'resource': 'container'}}",['east us' 'west us' 'north europe' 'southeast asia'],"{'east us': ['vm', 'storage', 'container'], 'north europe': ['vm', 'storage', 'container'], 'southeast asia': ['vm', 'storage', 'container'], 'west us': ['vm', 'storage', 'container']}"
2023-03-01,74.42,893,13.84,1340.92,16091,273.5,351.08,4213,79.29,111.43,1.08,0,4,12,"{'min': {'value': 54.0, 'region': 'north europe', 'resource': 'storage'}, 'max': {'value': 99.0, 'region': 'west us', 'resource': 'vm'}}","{'min': {'value': 918.0, 'region': 'southeast asia', 'resource': 'container'}, 'max': {'value': 1816.0, 'region': 'east us', 'resource': 'container'}}","{'min': {'value': 218.0, 'region': 'west us', 'resource': 'vm'}, 'max': {'value': 492.0, 'region': 'southeast asia', 'resource': 'storage'}}",['east us' 'west us' 'north europe' 'southeast asia'],"{'east us': ['vm', 'storage', 'container'], 'north europe': ['vm', 'storage', 'container'], 'southeast asia': ['vm', 'storage', 'container'], 'west us': ['vm', 'storage', 'container']}"
2023-03-02,75.42,905,16.19,1199.25,14391,408.37,362.25,4347,79.66,107.91,0.91,0,4,12,"{'min': {'value': 52.0, 'region': 'southeast asia', 'resource': 'vm'}, 'max': {'value': 95.0, 'region': 'west us', 'resource': 'container'}}","{'min': {'value': 572.0, 'region': 'southeast asia', 'resource': 'vm'}, 'max': {'value': 1897.0, 'region': 'west us', 'resource': 'vm'}}","{'min': {'value': 235.0, 'region': 'north europe', 'resource': 'storage'}, 'max': {'value': 490.0, 'region': 'east us', 'resource': 'container'}}",['east us' 'west us' 'north europe' 'southeast asia'],"{'east us': ['vm', 'storage', 'container'], 'north europe': ['vm', 'storage', 'container'], 'southeast asia': ['vm', 'storage', 'container'], 'west us': ['vm', 'storage', 'container']}"
2023-03-03,75.83,910,15.31,1209.33,14512,467.84,420.17,5042,87.91,114.03,0.86,0,4,12,"{'min': {'value': 52.0, 'region': 'west us', 'resource': 'vm'}, 'max': {'value': 96.0, 'region': 'southeast asia', 'resource': 'vm'}}","{'min': {'value': 566.0, 'region': 'east us', 'resource': 'container'}, 'max': {'value': 1994.0, 'region': 'north europe', 'resource': 'vm'}}","{'min': {'value': 226.0, 'region': 'east us', 'resource': 'vm'}, 'max': {'value': 499.0, 'region': 'east us', 'resource': 'container'}}",['east us' 'west us' 'north europe' 'southeast asia'],"{'east us': ['vm', 'storage', 'container'], 'north europe': ['vm', 'storage', 'container'], 'southeast asia': ['vm', 'storage', 'container'], 'west us': ['vm', 'storage', 'container']}"
2023-03-04,73.92,887,14.08,1159.5,13914,358.81,356.58,4279,88.42,105.87,1.22,1,4,12,"{'min': {'value': 54.0, 'region': 'west us', 'resource': 'vm'}, 'max': {'value': 99.0, 'region': 'southeast asia', 'resource': 'vm'}}","{'min': {'value': 648.0, 'region': 'west us', 'resource': 'storage'}, 'max': {'value': 1771.0, 'region': 'west us', 'resource': 'vm'}}","{'min': {'value': 202.0, 'region': 'east us', 'resource': 'vm'}, 'max': {'value': 478.0, 'region': 'east us', 'resource': 'storage'}}",['east us' 'west us' 'north europe' 'southeast asia'],"{'east us': ['vm', 'storage', 'container'], 'north europe': ['vm', 'storage', 'container'], 'southeast asia': ['vm', 'storage', 'container'], 'west us': ['vm', 'storage', 'container']}"
2023-03-05,73.58,883,13.94,1301.17,15614,570.17,360.67,4328,80.1,90.09,0.94,1,4,12,"{'min': {'value': 51.0, 'region': 'southeast asia', 'resource': 'storage'}, 'max': {'value': 98.0, 'region': 'west us', 'resource': 'storage'}}","{'min': {'value': 511.0, 'region': 'west us', 'resource': 'vm'}, 'max': {'value': 1989.0, 'region': 'southeast asia', 'resource': 'container'}}","{'min': {'value': 213.0, 'region': 'north europe', 'resource': 'container'}, 'max': {'value': 490.0, 'region': 'west us', 'resource': 'container'}}",['east us' 'west us' 'north europe' 'southeast asia'],"{'east us': ['vm', 'storage', 'container'], 'north europe': ['vm', 'storage', 'container'], 'southeast asia': ['vm', 'storage', 'container'], 'west us': ['vm', 'storage', 'container']}"
2023-03-06,67.58,811,10.34,1115.83,13390,403.33,308.42,3701,95.28,101.0,0.95,0,4,12,"{'min': {'value': 51.0, 'region': 'east us', 'resource': 'storage'}, 'max': {'value': 82.0, 'region': 'east us', 'resource': 'container'}}","{'min': {'value': 542.0, 'region': 'southeast asia', 'resource': 'container'}, 'max': {'value': 1696.0, 'region': 'north europe', 'resource': 'storage'}}","{'min': {'value': 211.0, 'region': 'north europe', 'resource': 'storage'}, 'max': {'value': 453.0, 'region': 'southeast asia', 'resource': 'container'}}",['east us' 'west us' 'north europe' 'southeast asia'],"{'east us': ['vm', 'storage', 'container'], 'north europe': ['vm', 'storage', 'container'], 'southeast asia': ['vm', 'storage', 'container'], 'west us': ['vm', 'storage', 'container']}"
2023-03-07,71.75,861,14.34,1413.83,16966,342.65,370.5,4446,82.73,84.49,1.01,0,4,12,"{'min': {'value': 51.0, 'region': 'east us', 'resource': 'vm'}, 'max': {'value': 95.0, 'region': 'north europe', 'resource': 'storage'}}","{'min': {'value': 786.0, 'region': 'east us', 'resource': 'storage'}, 'max': {'value': 1903.0, 'region': 'southeast asia', 'resource': 'container'}}","{'min': {'value': 204.0, 'region': 'east us', 'resource': 'storage'}, 'max': {'value': 462.0, 'region': 'north europe', 'resource': 'storage'}}",['east us' 'west us' 'north europe' 'southeast asia'],"{'east us': ['vm', 'storage', 'container'], 'north europe': ['vm', 'storage', 'container'], 'southeast asia': ['vm', 'storage', 'container'], 'west us': ['vm', 'storage', 'container']}"
2023-03-08,76.58,919,15.12,1158.25,13899,435.82,354.75,4257,69.86,89.38,1.05,0,4,12,"{'min': {'value': 51.0, 'region': 'west us', 'resource': 'container'}, 'max': {'value': 99.0, 'region': 'east us', 'resource': 'storage'}}","{'min': {'value': 623.0, 'region': 'east us', 'resource': 'vm'}, 'max': {'value': 1946.0, 'region': 'north europe', 'resource': 'storage'}}","{'min': {'value': 213.0, 'region': 'west us', 'resource': 'vm'}, 'max': {'value': 445.0, 'region': 'west us', 'resource': 'container'}}",['east us' 'west us' 'north europe' 'southeast asia'],"{'east us': ['vm', 'storage', 'container'], 'north europe': ['vm', 'storage', 'container'], 'southeast asia': ['vm', 'storage', 'container'], 'west us': ['vm', 'storage', 'container']}"
2023-03-09,74.83,898,14.4,1153.33,13840,352.17,350.17,4202,102.86,90.81,1.15,0,4,12,"{'min': {'value': 51.0, 'region': 'north europe', 'resource': 'container'}, 'max': {'value': 99.0, 'region': 'southeast asia', 'resource': 'storage'}}","{'min': {'value': 691.0, 'region': 'north europe', 'resource': 'vm'}, 'max': {'value': 1959.0, 'region': 'west us', 'resource': 'storage'}}","{'min': {'value': 209.0, 'region': 'southeast asia', 'resource': 'vm'}, 'max': {'value': 476.0, 'region': 'southeast asia', 'resource': 'storage'}}",['east us' 'west us' 'north europe' 'southeast asia'],"{'east us': ['vm', 'storage', 'container'], 'north europe': ['vm', 'storage', 'container'], 'southeast asia': ['vm', 'storage', 'container'], 'west us': ['vm', 'storage', 'container']}"
2023-03-10,71.33,856,13.49,1073.0,12876,314.94,356.0,4272,89.47,92.17,0.97,0,4,12,"{'min': {'value': 54.0, 'region': 'north europe', 'resource': 'storage'}, 'max': {'value': 92.0, 'region': 'southeast asia', 'resource': 'container'}}","{'min': {'value': 542.0, 'region': 'west us', 'resource': 'container'}, 'max': {'value': 1531.0, 'region': 'west us', 'resource': 'storage'}}","{'min': {'value': 216.0, 'region': 'north europe', 'resource': 'vm'}, 'max': {'value': 476.0, 'region': 'north europe', 'resource': 'storage'}}",['east us' 'west us' 'north europe' 'southeast asia'],"{'east us': ['vm', 'storage', 'container'], 'north europe': ['vm', 'storage', 'container'], 'southeast asia': ['vm', 'storage', 'container'], 'west us': ['vm', 'storage', 'container']}"
2023-03-11,74.25,891,14.9,1224.42,14693,413.74,374.75,4497,91.49,108.14,0.88,1,4,12,"{'min': {'value': 54.0, 'region': 'east us', 'resource': 'vm'}, 'max': {'value': 99.0, 'region': 'north europe', 'resource': 'vm'}}","{'min': {'value': 648.0, 'region': 'north europe', 'resource': 'vm'}, 'max': {'value': 1905.0, 'region': 'west us', 'resource': 'storage'}}","{'min': {'value': 207.0, 'region': 'east us', 'resource': 'vm'}, 'max': {'value': 487.0, 'region': 'north europe', 'resource': 'container'}}",['east us' 'west us' 'north europe' 'southeast asia'],"{'east us': ['vm', 'storage', 'container'], 'north europe': ['vm', 'storage', 'container'], 'southeast asia': ['vm', 'storage', 'container'], 'west us': ['vm', 'storage', 'container']}"
2023-03-12,76.42,917,14.49,1283.58,15403,393.53,378.33,4540,74.83,102.27,1.13,1,4,12,"{'min': {'value': 56.0, 'region': 'southeast asia', 'resource': 'vm'}, 'max': {'value': 98.0, 'region': 'west us', 'resource': 'vm'}}","{'min': {'value': 702.0, 'region': 'southeast asia', 'resource': 'storage'}, 'max': {'value': 1920.0, 'region': 'north europe', 'resource': 'storage'}}","{'min': {'value': 217.0, 'region': 'north europe', 'resource': 'vm'}, 'max': {'value': 467.0, 'region': 'west us', 'resource': 'container'}}",['east us' 'west us' 'north europe' 'southeast asia'],"{'east us': ['vm', 'storage', 'container'], 'north europe': ['vm', 'storage', 'container'], 'southeast asia': ['vm', 'storage', 'container'], 'west us': ['vm', 'storage', 'container']}"
2023-03-13,80.83,970,13.24,1157.92,13895,539.96,385.33,4624,104.1,83.93,1.02,0,4,12,"{'min': {'value': 57.0, 'region': 'southeast asia', 'resource': 'container'}, 'max': {'value': 99.0, 'region': 'west us', 'resource': 'vm'}}","{'min': {'value': 522.0, 'region': 'north europe', 'resource': 'storage'}, 'max': {'value': 1989.0, 'region': 'east us', 'resource': 'storage'}}","{'min': {'value': 202.0, 'region': 'north europe', 'resource': 'vm'}, 'max': {'value': 484.0, 'region': 'east us', 'resource': 'vm'}}",['east us' 'west us' 'north europe' 'southeast asia'],"{'east us': ['vm', 'storage', 'container'], 'north europe': ['vm', 'storage', 'container'], 'southeast asia': ['vm', 'storage', 'container'], 'west us': ['vm', 'storage', 'container']}"
2023-03-14,70.5,846,14.08,1278.25,15339,475.63,281.17,3374,71.1,102.6,1.08,0,4,12,"{'min': {'value': 52.0, 'region': 'east us', 'resource': 'vm'}, 'max': {'value': 91.0, 'region': 'north europe', 'resource': 'vm'}}","{'min': {'value': 611.0, 'region': 'west us', 'resource': 'storage'}, 'max': {'value': 1960.0, 'region': 'north europe', 'resource': 'container'}}","{'min': {'value': 209.0, 'region': 'east us', 'resource': 'storage'}, 'max': {'value': 430.0, 'region': 'east us', 'resource': 'container'}}",['east us' 'west us' 'north europe' 'southeast asia'],"{'east us': ['vm', 'storage', 'container'], 'north europe': ['vm', 'storage', 'container'], 'southeast asia': ['vm', 'storage', 'container'], 'west us': ['vm', 'storage', 'container']}"
2023-03-15,71.67,860,12.6,1302.67,15632,350.79,380.75,4569,70.27,87.63,0.87,0,4,12,"{'min': {'value': 53.0, 'region': 'north europe', 'resource': 'vm'}, 'max': {'value': 94.0, 'region': 'west us', 'resource': 'vm'}}","{'min': {'value': 835.0, 'region': 'west us', 'resource': 'container'}, 'max': {'value': 1992.0, 'region': 'east us', 'resource': 'storage'}}","{'min': {'value': 223.0, 'region': 'north europe', 'resource': 'vm'}, 'max': {'value': 472.0, 'region': 'west us', 'resource': 'vm'}}",['east us' 'west us' 'north europe' 'southeast asia'],"{'east us': ['vm', 'storage', 'container'], 'north europe': ['vm', 'storage', 'container'], 'southeast asia': ['vm', 'storage', 'container'], 'west us': ['vm', 'storage', 'container']}"
2023-03-16,80.67,968,18.02,1088.08,13057,451.34,369.08,4429,63.82,105.22,1.03,0,4,12,"{'min': {'value': 53.0, 'region': 'north europe', 'resource': 'vm'}, 'max': {'value': 98.0, 'region': 'east us', 'resource': 'container'}}","{'min': {'value': 549.0, 'region': 'southeast asia', 'resource': 'container'}, 'max': {'value': 1873.0, 'region': 'east us', 'resource': 'storage'}}","{'min': {'value': 260.0, 'region': 'southeast asia', 'resource': 'storage'}, 'max': {'value': 458.0, 'region': 'southeast asia', 'resource': 'container'}}",['east us' 'west us' 'north europe' 'southeast asia'],"{'east us': ['vm', 'storage', 'container'], 'north europe': ['vm', 'storage', 'container'], 'southeast asia': ['vm', 'storage', 'container'], 'west us': ['vm', 'storage', 'container']}"
2023-03-17,76.42,917,14.78,1404.25,16851,480.89,297.17,3566,51.81,102.5,1.03,0,4,12,"{'min': {'value': 54.0, 'region': 'west us', 'resource': 'container'}, 'max': {'value': 95.0, 'region': 'west us', 'resource': 'vm'}}","{'min': {'value': 548.0, 'region': 'west us', 'resource': 'storage'}, 'max': {'value': 1949.0, 'region': 'east us', 'resource': 'container'}}","{'min': {'value': 234.0, 'region': 'east us', 'resource': 'container'}, 'max': {'value': 387.0, 'region': 'southeast asia', 'resource': 'storage'}}",['east us' 'west us' 'north europe' 'southeast asia'],"{'east us': ['vm', 'storage', 'container'], 'north europe': ['vm', 'storage', 'container'], 'southeast asia': ['vm', 'storage', 'container'], 'west us': ['vm', 'storage', 'container']}"
2023-03-18,74.17,890,16.67,1240.17,14882,437.54,345.75,4149,81.11,93.2,1.02,1,4,12,"{'min': {'value': 53.0, 'region': 'north europe', 'resource': 'container'}, 'max': {'value': 97.0, 'region': 'southeast asia', 'resource': 'container'}}","{'min': {'value': 662.0, 'region': 'east us', 'resource': 'container'}, 'max': {'value': 1964.0, 'region': 'north europe', 'resource': 'storage'}}","{'min': {'value': 206.0, 'region': 'north europe', 'resource': 'container'}, 'max': {'value': 449.0, 'region': 'north europe', 'resource': 'vm'}}",['east us' 'west us' 'north europe' 'southeast asia'],"{'east us': ['vm', 'storage', 'container'], 'north europe': ['vm', 'storage', 'container'], 'southeast asia': ['vm', 'storage', 'container'], 'west us': ['vm', 'storage', 'container']}"
2023-03-19,80.75,969,16.06,1133.0,13596,352.85,296.92,3563,57.55,102.93,0.93,1,4,12,"{'min': {'value': 50.0, 'region': 'southeast asia', 'resource': 'container'}, 'max': {'value': 99.0, 'region': 'west us', 'resource': 'storage'}}","{'min': {'value': 527.0, 'region': 'north europe', 'resource': 'storage'}, 'max': {'value': 1654.0, 'region': 'east us', 'resource': 'container'}}","{'min': {'value': 204.0, 'region': 'southeast asia', 'resource': 'container'}, 'max': {'value': 395.0, 'region': 'west us', 'resource': 'storage'}}",['east us' 'west us' 'north europe' 'southeast asia'],"{'east us': ['vm', 'storage', 'container'], 'north europe': ['vm', 'storage', 'container'], 'southeast asia': ['vm', 'storage', 'container'], 'west us': ['vm', 'storage', 'container']}"
2023-03-20,70.42,845,16.14,1107.08,13285,413.21,319.17,3830,75.12,118.66,1.05,0,4,12,"{'min': {'value': 51.0, 'region': 'east us', 'resource': 'vm'}, 'max': {'value': 98.0, 'region': 'north europe', 'resource': 'vm'}}","{'min': {'value': 521.0, 'region': 'east us', 'resource': 'vm'}, 'max': {'value': 1817.0, 'region': 'west us', 'resource': 'storage'}}","{'min': {'value': 219.0, 'region': 'north europe', 'resource': 'storage'}, 'max': {'value': 431.0, 'region': 'southeast asia', 'resource': 'storage'}}",['east us' 'west us' 'north europe' 'southeast asia'],"{'east us': ['vm', 'storage', 'container'], 'north europe': ['vm', 'storage', 'container'], 'southeast asia': ['vm', 'storage', 'container'], 'west us': ['vm', 'storage', 'container']}"
2023-03-21,72.08,865,11.48,1144.08,13729,357.46,368.17,4418,97.11,88.09,1.07,0,4,12,"{'min': {'value': 55.0, 'region': 'west us', 'resource': 'storage'}, 'max': {'value': 92.0, 'region': 'north europe', 'resource': 'vm'}}","{'min': {'value': 507.0, 'region': 'north europe', 'resource': 'storage'}, 'max': {'value': 1777.0, 'region': 'east us', 'resource': 'container'}}","{'min': {'value': 243.0, 'region': 'east us', 'resource': 'container'}, 'max': {'value': 496.0, 'region': 'north europe', 'resource': 'storage'}}",['east us' 'west us' 'north europe' 'southeast asia'],"{'east us': ['vm', 'storage', 'container'], 'north europe': ['vm', 'storage', 'container'], 'southeast asia': ['vm', 'storage', 'container'], 'west us': ['vm', 'storage', 'container']}"
2023-03-22,70.5,846,14.68,1204.92,14459,339.85,359.83,4318,92.58,90.25,1.08,0,4,12,"{'min': {'value': 50.0, 'region': 'east us', 'resource': 'container'}, 'max': {'value': 92.0, 'region': 'west us', 'resource': 'storage'}}","{'min': {'value': 539.0, 'region': 'east us', 'resource': 'storage'}, 'max': {'value': 1783.0, 'region': 'southeast asia', 'resource': 'storage'}}","{'min': {'value': 207.0, 'region': 'east us', 'resource': 'container'}, 'max': {'value': 468.0, 'region': 'southeast asia', 'resource': 'vm'}}",['east us' 'west us' 'north europe' 'southeast asia'],"{'east us': ['vm', 'storage', 'container'], 'north europe': ['vm', 'storage', 'container'], 'southeast asia': ['vm', 'storage', 'container'], 'west us': ['vm', 'storage', 'container']}"
2023-03-23,71.17,854,7.83,1186.42,14237,518.4,361.92,4343,54.21,111.59,0.92,0,4,12,"{'min': {'value': 54.0, 'region': 'east us', 'resource': 'container'}, 'max': {'value': 83.0, 'region': 'southeast asia', 'resource': 'vm'}}","{'min': {'value': 540.0, 'region': 'southeast asia', 'resource': 'vm'}, 'max': {'value': 1900.0, 'region': 'west us', 'resource': 'storage'}}","{'min': {'value': 274.0, 'region': 'southeast asia', 'resource': 'vm'}, 'max': {'value': 485.0, 'region': 'north europe', 'resource': 'vm'}}",['east us' 'west us' 'north europe' 'southeast asia'],"{'east us': ['vm', 'storage', 'container'], 'north europe': ['vm', 'storage', 'container'], 'southeast asia': ['vm', 'storage', 'container'], 'west us': ['vm', 'storage', 'container']}"
2023-03-24,70.33,844,12.96,1348.92,16187,340.61,373.0,4476,109.07,109.63,1.04,0,4,12,"{'min': {'value': 52.0, 'region': 'north europe', 'resource': 'storage'}, 'max': {'value': 95.0, 'region': 'southeast asia', 'resource': 'storage'}}","{'min': {'value': 623.0, 'region': 'west us', 'resource': 'container'}, 'max': {'value': 1836.0, 'region': 'southeast asia', 'resource': 'vm'}}","{'min': {'value': 200.0, 'region': 'west us', 'resource': 'container'}, 'max': {'value': 493.0, 'region': 'north europe', 'resource': 'storage'}}",['east us' 'west us' 'north europe' 'southeast asia'],"{'east us': ['vm', 'storage', 'container'], 'north europe': ['vm', 'storage', 'container'], 'southeast asia': ['vm', 'storage', 'container'], 'west us': ['vm', 'storage', 'container']}"
2023-03-25,69.5,834,12.51,1290.33,15484,478.35,369.0,4428,90.02,108.22,1.19,1,4,12,"{'min': {'value': 52.0, 'region': 'southeast asia', 'resource': 'storage'}, 'max': {'value': 89.0, 'region': 'north europe', 'resource': 'storage'}}","{'min': {'value': 582.0, 'region': 'southeast asia', 'resource': 'vm'}, 'max': {'value': 1966.0, 'region': 'east us', 'resource': 'container'}}","{'min': {'value': 234.0, 'region': 'west us', 'resource': 'container'}, 'max': {'value': 480.0, 'region': 'north europe', 'resource': 'vm'}}",['east us' 'west us' 'north europe' 'southeast asia'],"{'east us': ['vm', 'storage', 'container'], 'north europe': ['vm', 'storage', 'container'], 'southeast asia': ['vm', 'storage', 'container'], 'west us': ['vm', 'storage', 'container']}"
2023-03-26,73.92,887,16.17,1251.0,15012,449.25,387.25,4647,76.7,97.55,0.92,1,4,12,"{'min': {'value': 51.0, 'region': 'north europe', 'resource': 'container'}, 'max': {'value': 98.0, 'region': 'southeast asia', 'resource': 'storage'}}","{'min': {'value': 567.0, 'region': 'north europe', 'resource': 'storage'}, 'max': {'value': 1960.0, 'region': 'east us', 'resource': 'container'}}","{'min': {'value': 261.0, 'region': 'southeast asia', 'resource': 'vm'}, 'max': {'value': 485.0, 'region': 'west us', 'resource': 'vm'}}",['east us' 'west us' 'north europe' 'southeast asia'],"{'east us': ['vm', 'storage', 'container'], 'north europe': ['vm', 'storage', 'container'], 'southeast asia': ['vm', 'storage', 'container'], 'west us': ['vm', 'storage', 'container']}"
2023-03-27,78.0,936,14.61,1392.75,16713,446.87,326.08,3913,105.17,91.1,0.92,0,4,12,"{'min': {'value': 53.0, 'region': 'southeast asia', 'resource': 'container'}, 'max': {'value': 95.0, 'region': 'east us', 'resource': 'vm'}}","{'min': {'value': 842.0, 'region': 'north europe', 'resource': 'vm'}, 'max': {'value': 1992.0, 'region': 'east us', 'resource': 'vm'}}","{'min': {'value': 207.0, 'region': 'west us', 'resource': 'container'}, 'max': {'value': 475.0, 'region': 'east us', 'resource': 'storage'}}",['east us' 'west us' 'north europe' 'southeast asia'],"{'east us': ['vm', 'storage', 'container'], 'north europe': ['vm', 'storage', 'container'], 'southeast asia': ['vm', 'storage', 'container'], 'west us': ['vm', 'storage', 'container']}"
2023-03-28,70.92,851,15.55,1379.5,16554,449.83,389.08,4669,74.68,99.23,1.03,0,4,12,"{'min': {'value': 53.0, 'region': 'east us', 'resource': 'vm'}, 'max': {'value': 94.0, 'region': 'east us', 'resource': 'storage'}}","{'min': {'value': 548.0, 'region': 'southeast asia', 'resource': 'storage'}, 'max': {'value': 1990.0, 'region': 'north europe', 'resource': 'vm'}}","{'min': {'value': 275.0, 'region': 'east us', 'resource': 'vm'}, 'max': {'value': 482.0, 'region': 'west us', 'resource': 'container'}}",['east us' 'west us' 'north europe' 'southeast asia'],"{'east us': ['vm', 'storage', 'container'], 'north europe': ['vm', 'storage', 'container'], 'southeast asia': ['vm', 'storage', 'container'], 'west us': ['vm', 'storage', 'container']}"
2023-03-29,82.33,988,15.88,1051.58,12619,412.49,316.17,3794,77.41,102.77,1.08,0,4,12,"{'min': {'value': 57.0, 'region': 'southeast asia', 'resource': 'container'}, 'max': {'value': 98.0, 'region': 'east us', 'resource': 'storage'}}","{'min': {'value': 500.0, 'region': 'southeast asia', 'resource': 'vm'}, 'max': {'value': 1867.0, 'region': 'west us', 'resource': 'vm'}}","{'min': {'value': 216.0, 'region': 'west us', 'resource': 'storage'}, 'max': {'value': 444.0, 'region': 'east us', 'resource': 'vm'}}",['east us' 'west us' 'north europe' 'southeast asia'],"{'east us': ['vm', 'storage', 'container'], 'north europe': ['vm', 'storage', 'container'], 'southeast asia': ['vm', 'storage', 'container'], 'west us': ['vm', 'storage', 'container']}"
2023-03-30,78.92,947,17.4,1120.67,13448,421.33,377.75,4533,60.97,100.13,1.15,0,4,12,"{'min': {'value': 51.0, 'region': 'north europe', 'resource': 'storage'}, 'max': {'value': 98.0, 'region': 'north europe', 'resource': 'vm'}}","{'min': {'value': 540.0, 'region': 'southeast asia', 'resource': 'container'}, 'max': {'value': 1847.0, 'region': 'north europe', 'resource': 'storage'}}","{'min': {'value': 283.0, 'region': 'southeast asia', 'resource': 'vm'}, 'max': {'value': 457.0, 'region': 'southeast asia', 'resource': 'container'}}",['east us' 'west us' 'north europe' 'southeast asia'],"{'east us': ['vm', 'storage', 'container'], 'north europe': ['vm', 'storage', 'container'], 'southeast asia': ['vm', 'storage', 'container'], 'west us': ['vm', 'storage', 'container']}"
2023-03-31,68.42,821,15.34,1258.33,15100,472.9,378.33,4540,87.11,97.35,1.27,0,4,12,"{'min': {'value': 51.0, 'region': 'east us', 'resource': 'storage'}, 'max': {'value': 98.0, 'region': 'north europe', 'resource': 'container'}}","{'min': {'value': 604.0, 'region': 'east us', 'resource': 'vm'}, 'max': {'value': 1900.0, 'region': 'east us', 'resource': 'container'}}","{'min': {'value': 238.0, 'region': 'east us', 'resource': 'container'}, 'max': {'value': 495.0, 'region': 'west us', 'resource': 'container'}}",['east us' 'west us' 'north europe' 'southeast asia'],"{'east us': ['vm', 'storage', 'container'], 'north europe': ['vm', 'storage', 'container'], 'southeast asia': ['vm', 'storage', 'container'], 'west us': ['vm', 'storage', 'container']}"
